Group,Model,MAPE
NCACY45-05_1,ex3,0.4542469047009945
NCACY45-05_1,ex3,0.4039535764604807
NCACY45-05_1,ex3,0.3942062146961689
NCACY45-05_1,ex3,0.9320870973169804
NCACY45-05_1,ex3,0.3738758387044072
NCACY45-05_1,ex3,0.33858027309179306
NCACY45-05_1,ex3,0.4483459051698446
NCACY45-05_1,ex3,0.40786825120449066
NCACY45-05_1,ex3,0.44223954901099205
NCACY45-05_1,ex3,0.35813378635793924
NCACY45-05_1,ex4,0.4980939906090498
NCACY45-05_1,ex4,0.357553455978632
NCACY45-05_1,ex4,0.41471305303275585
NCACY45-05_1,ex4,0.5237034056335688
NCACY45-05_1,ex4,0.6577497348189354
NCACY45-05_1,ex4,0.3516345517709851
NCACY45-05_1,ex4,0.44008982367813587
NCACY45-05_1,ex4,0.38530745077878237
NCACY45-05_1,ex4,0.336777581833303
NCACY45-05_1,ex4,0.3422864945605397
NCACY45-05_1,ex5,0.6169432774186134
NCACY45-05_1,ex5,0.3426125505939126
NCACY45-05_1,ex5,0.3300094045698643
NCACY45-05_1,ex5,0.5313512403517962
NCACY45-05_1,ex5,0.39254589937627316
NCACY45-05_1,ex5,0.34548991825431585
NCACY45-05_1,ex5,0.6399491801857948
NCACY45-05_1,ex5,0.715661933645606
NCACY45-05_1,ex5,0.36200869362801313
NCACY45-05_1,ex5,0.637401919811964
NCACY45-05_1,ex6,0.3457086393609643
NCACY45-05_1,ex6,0.4125963430851698
NCACY45-05_1,ex6,0.4125963430851698
NCACY45-05_1,ex6,0.34508954267948866
NCACY45-05_1,ex6,0.34508954267948866
NCACY45-05_1,ex6,0.7423465140163898
NCACY45-05_1,ex6,0.49495273269712925
NCACY45-05_1,ex6,0.4440399818122387
NCACY45-05_1,ex6,0.393007043749094
NCACY45-05_1,ex6,0.393007043749094
NCACY45-05_1,ex7,0.330657372251153
NCACY45-05_1,ex7,0.3891177009791136
NCACY45-05_1,ex7,0.7422057446092367
NCACY45-05_1,ex7,0.4315258003771305
NCACY45-05_1,ex7,0.4574634600430727
NCACY45-05_1,ex7,0.4246375057846308
NCACY45-05_1,ex7,0.3614900866523385
NCACY45-05_1,ex7,0.5459903739392757
NCACY45-05_1,ex7,0.48866337165236473
NCACY45-05_1,ex7,0.4447648301720619
NCACY35-05_1,ex3,0.4709475673735142
NCACY35-05_1,ex3,0.44246730394661427
NCACY35-05_1,ex3,0.33747171983122826
NCACY35-05_1,ex3,0.5181582644581795
NCACY35-05_1,ex3,0.58220443315804
NCACY35-05_1,ex3,0.3566364524886012
NCACY35-05_1,ex3,0.4220783244818449
NCACY35-05_1,ex3,0.5599633324891329
NCACY35-05_1,ex3,0.44562825933098793
NCACY35-05_1,ex3,0.3212186275050044
NCACY35-05_1,ex4,0.4077885299921036
NCACY35-05_1,ex4,0.396334333345294
NCACY35-05_1,ex4,0.38603772409260273
NCACY35-05_1,ex4,0.4700731486082077
NCACY35-05_1,ex4,0.5844903644174337
NCACY35-05_1,ex4,0.4807963501662016
NCACY35-05_1,ex4,0.4193947184830904
NCACY35-05_1,ex4,0.6176920142024755
NCACY35-05_1,ex4,0.38698427379131317
NCACY35-05_1,ex4,0.5907078273594379
NCACY35-05_1,ex5,0.15885249013081193
NCACY35-05_1,ex5,0.29773786664009094
NCACY35-05_1,ex5,0.32829437404870987
NCACY35-05_1,ex5,0.20360061898827553
NCACY35-05_1,ex5,0.3447829745709896
NCACY35-05_1,ex5,0.31620499212294817
NCACY35-05_1,ex5,0.1587270642630756
NCACY35-05_1,ex5,0.2581654815003276
NCACY35-05_1,ex5,0.3131045959889889
NCACY35-05_1,ex5,0.1860848511569202
NCACY35-05_1,ex6,0.7152046542614698
NCACY35-05_1,ex6,0.36990984808653593
NCACY35-05_1,ex6,1.0315429419279099
NCACY35-05_1,ex6,0.33510574139654636
NCACY35-05_1,ex6,0.5741667468100786
NCACY35-05_1,ex6,0.5083559080958366
NCACY35-05_1,ex6,0.39612259715795517
NCACY35-05_1,ex6,0.4274060484021902
NCACY35-05_1,ex6,0.6330938078463078
NCACY35-05_1,ex6,0.348393595777452
NCACY35-05_1,ex7,0.36559170112013817
NCACY35-05_1,ex7,0.39266333915293217
NCACY35-05_1,ex7,0.3784475615248084
NCACY35-05_1,ex7,0.45272931456565857
NCACY35-05_1,ex7,0.5566377192735672
NCACY35-05_1,ex7,0.4555067513138056
NCACY35-05_1,ex7,0.3615421475842595
NCACY35-05_1,ex7,0.35100732930004597
NCACY35-05_1,ex7,0.5697400309145451
NCACY35-05_1,ex7,0.46441848389804363
NCACY25-025_1,ex3,1.106088887900114
NCACY25-025_1,ex3,0.8095157332718372
NCACY25-025_1,ex3,1.3470929116010666
NCACY25-025_1,ex3,1.954665221273899
NCACY25-025_1,ex3,0.8001980371773243
NCACY25-025_1,ex3,0.9132056497037411
NCACY25-025_1,ex3,0.999860092997551
NCACY25-025_1,ex3,1.0406152345240116
NCACY25-025_1,ex3,0.9058685973286629
NCACY25-025_1,ex3,0.8800954557955265
NCACY25-025_1,ex4,1.3847339898347855
NCACY25-025_1,ex4,1.9229121506214142
NCACY25-025_1,ex4,0.8868725039064884
NCACY25-025_1,ex4,0.8257027715444565
NCACY25-025_1,ex4,0.8366122841835022
NCACY25-025_1,ex4,0.8286048658192158
NCACY25-025_1,ex4,1.1235421523451805
NCACY25-025_1,ex4,0.8084701374173164
NCACY25-025_1,ex4,1.1506682261824608
NCACY25-025_1,ex4,0.7934181950986385
NCACY25-025_1,ex5,0.8085504174232483
NCACY25-025_1,ex5,0.8651260286569595
NCACY25-025_1,ex5,0.844400841742754
NCACY25-025_1,ex5,0.8294346742331982
NCACY25-025_1,ex5,0.9359707124531269
NCACY25-025_1,ex5,1.0931783355772495
NCACY25-025_1,ex5,0.9062999859452248
NCACY25-025_1,ex5,1.0467663407325745
NCACY25-025_1,ex5,0.9119994007050991
NCACY25-025_1,ex5,1.0720767080783844
NCACY25-025_1,ex6,1.3814770616590977
NCACY25-025_1,ex6,0.8836913853883743
NCACY25-025_1,ex6,0.9118556976318359
NCACY25-025_1,ex6,1.0728291235864162
NCACY25-025_1,ex6,0.8085613138973713
NCACY25-025_1,ex6,1.3893723487854004
NCACY25-025_1,ex6,0.8345960639417171
NCACY25-025_1,ex6,0.9146366268396378
NCACY25-025_1,ex6,1.110262144356966
NCACY25-025_1,ex6,0.836501456797123
NCACY25-025_1,ex7,0.8285965770483017
NCACY25-025_1,ex7,1.8347736448049545
NCACY25-025_1,ex7,0.8517707698047161
NCACY25-025_1,ex7,1.1996546760201454
NCACY25-025_1,ex7,1.0587801225483418
NCACY25-025_1,ex7,1.0643390007317066
NCACY25-025_1,ex7,0.830481480807066
NCACY25-025_1,ex7,1.31146851927042
NCACY25-025_1,ex7,0.8223803713917732
NCACY25-025_1,ex7,0.9251045994460583
NCACY25-05_1,ex3,1.188927236944437
NCACY25-05_1,ex3,1.1960708536207676
NCACY25-05_1,ex3,1.3961355201900005
NCACY25-05_1,ex3,1.0817430913448334
NCACY25-05_1,ex3,1.2877927161753178
NCACY25-05_1,ex3,1.0758114978671074
NCACY25-05_1,ex3,1.0847997851669788
NCACY25-05_1,ex3,1.3882643543183804
NCACY25-05_1,ex3,1.3647280633449554
NCACY25-05_1,ex3,1.1080882512032986
NCACY25-05_1,ex4,1.0589860379695892
NCACY25-05_1,ex4,1.0708064772188663
NCACY25-05_1,ex4,1.0874368250370026
NCACY25-05_1,ex4,1.1076396331191063
NCACY25-05_1,ex4,1.3158108107745647
NCACY25-05_1,ex4,1.0987897403538227
NCACY25-05_1,ex4,1.0814339853823185
NCACY25-05_1,ex4,1.3388494029641151
NCACY25-05_1,ex4,1.0710792616009712
NCACY25-05_1,ex4,1.3005701825022697
NCACY25-05_1,ex5,1.0212600231170654
NCACY25-05_1,ex5,0.7797383237630129
NCACY25-05_1,ex5,0.9542834013700485
NCACY25-05_1,ex5,1.0034263134002686
NCACY25-05_1,ex5,0.7767706178128719
NCACY25-05_1,ex5,0.8466864004731178
NCACY25-05_1,ex5,0.747300498187542
NCACY25-05_1,ex5,0.9103388525545597
NCACY25-05_1,ex5,0.8201087825000286
NCACY25-05_1,ex5,0.9866572916507721
NCACY25-05_1,ex6,1.163471955806017
NCACY25-05_1,ex6,1.0869776830077171
NCACY25-05_1,ex6,1.0535712353885174
NCACY25-05_1,ex6,1.0467159561812878
NCACY25-05_1,ex6,1.0630800388753414
NCACY25-05_1,ex6,1.1196902953088284
NCACY25-05_1,ex6,1.1058538220822811
NCACY25-05_1,ex6,1.1197738349437714
NCACY25-05_1,ex6,1.1802416294813156
NCACY25-05_1,ex6,1.0922301560640335
NCACY25-05_1,ex7,1.1077607981860638
NCACY25-05_1,ex7,1.3087525963783264
NCACY25-05_1,ex7,1.0791209526360035
NCACY25-05_1,ex7,1.0207252576947212
NCACY25-05_1,ex7,1.0634711012244225
NCACY25-05_1,ex7,1.158653199672699
NCACY25-05_1,ex7,1.2223600409924984
NCACY25-05_1,ex7,1.1230140924453735
NCACY25-05_1,ex7,1.308976300060749
NCACY25-05_1,ex7,1.2019888497889042
NCACY25-1_1,ex3,1.0124454274773598
NCACY25-1_1,ex3,1.5222328715026379
NCACY25-1_1,ex3,1.102304644882679
NCACY25-1_1,ex3,1.0721554979681969
NCACY25-1_1,ex3,2.064448967576027
NCACY25-1_1,ex3,2.815937250852585
NCACY25-1_1,ex3,1.16088492795825
NCACY25-1_1,ex3,1.5839582309126854
NCACY25-1_1,ex3,0.974563043564558
NCACY25-1_1,ex3,1.0657125152647495
NCACY25-1_1,ex4,1.0356460697948933
NCACY25-1_1,ex4,0.9540286846458912
NCACY25-1_1,ex4,0.999180693179369
NCACY25-1_1,ex4,0.999180693179369
NCACY25-1_1,ex4,0.9935779497027397
NCACY25-1_1,ex4,4.3208397924900055
NCACY25-1_1,ex4,1.56558807939291
NCACY25-1_1,ex4,0.980082992464304
NCACY25-1_1,ex4,1.7688419669866562
NCACY25-1_1,ex4,3.154093772172928
NCACY25-1_1,ex5,0.9573008865118027
NCACY25-1_1,ex5,0.952423270791769
NCACY25-1_1,ex5,0.9843450039625168
NCACY25-1_1,ex5,0.9563460946083069
NCACY25-1_1,ex5,0.9468658827245235
NCACY25-1_1,ex5,1.0412194766104221
NCACY25-1_1,ex5,0.9810329414904118
NCACY25-1_1,ex5,0.9474446997046471
NCACY25-1_1,ex5,1.0484104044735432
NCACY25-1_1,ex5,0.9748587384819984
NCACY25-1_1,ex6,0.9583329781889915
NCACY25-1_1,ex6,0.9564832784235477
NCACY25-1_1,ex6,2.3570742458105087
NCACY25-1_1,ex6,0.9910972788929939
NCACY25-1_1,ex6,1.0574409738183022
NCACY25-1_1,ex6,0.9725457057356834
NCACY25-1_1,ex6,1.0162337683141232
NCACY25-1_1,ex6,0.997905433177948
NCACY25-1_1,ex6,1.08953807502985
NCACY25-1_1,ex6,0.9157647378742695
NCACY25-1_1,ex7,1.0000357404351234
NCACY25-1_1,ex7,1.0365360416471958
NCACY25-1_1,ex7,0.9949379600584507
NCACY25-1_1,ex7,0.9324485436081886
NCACY25-1_1,ex7,0.9324485436081886
NCACY25-1_1,ex7,1.029958389699459
NCACY25-1_1,ex7,1.0322525165975094
NCACY25-1_1,ex7,0.9000122547149658
NCACY25-1_1,ex7,1.0439921170473099
NCACY25-1_1,ex7,1.0129819624125957
NCMCY45-05_1,ex3,0.34551285207271576
NCMCY45-05_1,ex3,0.3897587535902858
NCMCY45-05_1,ex3,0.2928626025095582
NCMCY45-05_1,ex3,0.310315890237689
NCMCY45-05_1,ex3,0.4325635265558958
NCMCY45-05_1,ex3,0.3407601034268737
NCMCY45-05_1,ex3,0.3194738645106554
NCMCY45-05_1,ex3,0.29676142148673534
NCMCY45-05_1,ex3,0.33762112725526094
NCMCY45-05_1,ex3,0.2950203139334917
NCMCY45-05_1,ex4,0.3020700765773654
NCMCY45-05_1,ex4,0.2634255914017558
NCMCY45-05_1,ex4,0.5088523495942354
NCMCY45-05_1,ex4,0.3394730854779482
NCMCY45-05_1,ex4,0.27710527647286654
NCMCY45-05_1,ex4,0.49160169437527657
NCMCY45-05_1,ex4,0.44546835124492645
NCMCY45-05_1,ex4,0.29600546695291996
NCMCY45-05_1,ex4,0.2899334067478776
NCMCY45-05_1,ex4,0.44785309582948685
NCMCY45-05_1,ex5,0.31249551102519035
NCMCY45-05_1,ex5,0.28769555501639843
NCMCY45-05_1,ex5,0.37776799872517586
NCMCY45-05_1,ex5,0.28181602247059345
NCMCY45-05_1,ex5,0.2848509233444929
NCMCY45-05_1,ex5,0.2767600351944566
NCMCY45-05_1,ex5,0.28102484066039324
NCMCY45-05_1,ex5,0.3746840637177229
NCMCY45-05_1,ex5,0.2896569902077317
NCMCY45-05_1,ex5,0.26736059226095676
NCMCY45-05_1,ex6,0.3289940534159541
NCMCY45-05_1,ex6,0.3627123776823282
NCMCY45-05_1,ex6,0.3777955658733845
NCMCY45-05_1,ex6,0.34739277325570583
NCMCY45-05_1,ex6,0.3382951719686389
NCMCY45-05_1,ex6,0.44459179043769836
NCMCY45-05_1,ex6,0.28618471696972847
NCMCY45-05_1,ex6,0.3084136173129082
NCMCY45-05_1,ex6,0.3078988753259182
NCMCY45-05_1,ex6,0.3113123122602701
NCMCY45-05_1,ex7,0.38979987148195505
NCMCY45-05_1,ex7,0.2621622057631612
NCMCY45-05_1,ex7,0.2987264655530453
NCMCY45-05_1,ex7,0.26610130444169044
NCMCY45-05_1,ex7,0.43477523140609264
NCMCY45-05_1,ex7,0.29492289759218693
NCMCY45-05_1,ex7,0.3380129812285304
NCMCY45-05_1,ex7,0.3757247468456626
NCMCY45-05_1,ex7,0.584685942158103
NCMCY45-05_1,ex7,0.3527086228132248
NCMCY35-05_1,ex3,0.357891502790153
NCMCY35-05_1,ex3,0.3917831461876631
NCMCY35-05_1,ex3,0.39345696568489075
NCMCY35-05_1,ex3,0.35610836930572987
NCMCY35-05_1,ex3,0.35512621980160475
NCMCY35-05_1,ex3,0.36651049740612507
NCMCY35-05_1,ex3,0.3573693800717592
NCMCY35-05_1,ex3,0.36782771348953247
NCMCY35-05_1,ex3,0.5352356005460024
NCMCY35-05_1,ex3,0.36629089154303074
NCMCY35-05_1,ex4,0.35883523523807526
NCMCY35-05_1,ex4,0.3629022277891636
NCMCY35-05_1,ex4,0.3723195753991604
NCMCY35-05_1,ex4,0.6628399714827538
NCMCY35-05_1,ex4,0.6690622307360172
NCMCY35-05_1,ex4,0.3536548698320985
NCMCY35-05_1,ex4,0.36345424596220255
NCMCY35-05_1,ex4,0.37235510535538197
NCMCY35-05_1,ex4,0.38789166137576103
NCMCY35-05_1,ex4,0.35748782102018595
NCMCY35-05_1,ex5,0.35205434542149305
NCMCY35-05_1,ex5,0.3658733796328306
NCMCY35-05_1,ex5,0.3544566920027137
NCMCY35-05_1,ex5,0.3630377817898989
NCMCY35-05_1,ex5,0.35448719281703234
NCMCY35-05_1,ex5,0.3561308840289712
NCMCY35-05_1,ex5,0.35691282246261835
NCMCY35-05_1,ex5,0.35728998482227325
NCMCY35-05_1,ex5,0.35835246089845896
NCMCY35-05_1,ex5,0.3564328420907259
NCMCY35-05_1,ex6,0.47755460254848003
NCMCY35-05_1,ex6,0.36262180656194687
NCMCY35-05_1,ex6,0.35953058395534754
NCMCY35-05_1,ex6,0.4091463051736355
NCMCY35-05_1,ex6,0.35359314642846584
NCMCY35-05_1,ex6,0.3778833895921707
NCMCY35-05_1,ex6,0.35419065970927477
NCMCY35-05_1,ex6,0.36899722181260586
NCMCY35-05_1,ex6,0.35842491779476404
NCMCY35-05_1,ex6,0.4155609291046858
NCMCY35-05_1,ex7,0.3622080432251096
NCMCY35-05_1,ex7,0.36208941601216793
NCMCY35-05_1,ex7,0.3588556544855237
NCMCY35-05_1,ex7,0.36128044594079256
NCMCY35-05_1,ex7,0.46758786775171757
NCMCY35-05_1,ex7,0.6233136169612408
NCMCY35-05_1,ex7,0.359078380279243
NCMCY35-05_1,ex7,0.3587896004319191
NCMCY35-05_1,ex7,0.34917222801595926
NCMCY35-05_1,ex7,0.37471409887075424
NCMCY25-05_1,ex3,0.3222402650862932
NCMCY25-05_1,ex3,0.3126876661553979
NCMCY25-05_1,ex3,0.2895134733989835
NCMCY25-05_1,ex3,0.363460136577487
NCMCY25-05_1,ex3,0.3860069438815117
NCMCY25-05_1,ex3,0.32173546496778727
NCMCY25-05_1,ex3,0.6223554257303476
NCMCY25-05_1,ex3,0.3186221932992339
NCMCY25-05_1,ex3,0.4589265212416649
NCMCY25-05_1,ex3,0.32230750657618046
NCMCY25-05_1,ex4,0.3081358037889004
NCMCY25-05_1,ex4,0.426034489646554
NCMCY25-05_1,ex4,0.4488963633775711
NCMCY25-05_1,ex4,0.32190121710300446
NCMCY25-05_1,ex4,0.38243955932557583
NCMCY25-05_1,ex4,0.4776858724653721
NCMCY25-05_1,ex4,0.2793554915115237
NCMCY25-05_1,ex4,0.6992468144744635
NCMCY25-05_1,ex4,0.38265371695160866
NCMCY25-05_1,ex4,0.34159624483436346
NCMCY25-05_1,ex5,0.27316214982420206
NCMCY25-05_1,ex5,0.5299976095557213
NCMCY25-05_1,ex5,0.27704795356839895
NCMCY25-05_1,ex5,0.3418309148401022
NCMCY25-05_1,ex5,0.3776327474042773
NCMCY25-05_1,ex5,0.4196260590106249
NCMCY25-05_1,ex5,0.28711017221212387
NCMCY25-05_1,ex5,0.2991967834532261
NCMCY25-05_1,ex5,0.27632415294647217
NCMCY25-05_1,ex5,0.33855082001537085
NCMCY25-05_1,ex6,0.27149717789143324
NCMCY25-05_1,ex6,0.2909854054450989
NCMCY25-05_1,ex6,0.6583856418728828
NCMCY25-05_1,ex6,0.530692096799612
NCMCY25-05_1,ex6,0.3778689308091998
NCMCY25-05_1,ex6,0.30481715220957994
NCMCY25-05_1,ex6,0.8194359019398689
NCMCY25-05_1,ex6,0.6824878510087729
NCMCY25-05_1,ex6,0.5048447754234076
NCMCY25-05_1,ex6,0.3991722594946623
NCMCY25-05_1,ex7,0.2938996534794569
NCMCY25-05_1,ex7,0.30119812581688166
NCMCY25-05_1,ex7,0.9495322592556477
NCMCY25-05_1,ex7,0.4113015718758106
NCMCY25-05_1,ex7,0.28775406535714865
NCMCY25-05_1,ex7,0.6871164310723543
NCMCY25-05_1,ex7,0.3011904191225767
NCMCY25-05_1,ex7,0.3484520362690091
NCMCY25-05_1,ex7,0.3817063057795167
NCMCY25-05_1,ex7,0.5159127991646528
NCMNCACY25-05_1,ex3,0.24264983367174864
NCMNCACY25-05_1,ex3,0.2486091572791338
NCMNCACY25-05_1,ex3,0.4790049046278
NCMNCACY25-05_1,ex3,0.30602493789047003
NCMNCACY25-05_1,ex3,0.45453659258782864
NCMNCACY25-05_1,ex4,0.24253164883702993
NCMNCACY25-05_1,ex4,0.24858976248651743
NCMNCACY25-05_1,ex4,0.41321394965052605
NCMNCACY25-05_1,ex4,0.23030578158795834
NCMNCACY25-05_1,ex4,0.5847902037203312
NCMNCACY25-05_1,ex4,0.2956449519842863
NCMNCACY25-05_1,ex4,0.24517045821994543
NCMNCACY25-05_1,ex4,0.25773439556360245
NCMNCACY25-05_1,ex4,0.5224684253334999
NCMNCACY25-05_1,ex4,0.22813715040683746
NCMNCACY25-05_1,ex5,0.28157224878668785
NCMNCACY25-05_1,ex5,0.42591122910380363
NCMNCACY25-05_1,ex5,0.3277419600635767
NCMNCACY25-05_1,ex5,0.29312330298125744
NCMNCACY25-05_1,ex5,0.44137085787951946
NCMNCACY25-05_1,ex5,0.21193188149482012
NCMNCACY25-05_1,ex5,0.40879491716623306
NCMNCACY25-05_1,ex5,0.26618258561939
NCMNCACY25-05_1,ex5,0.22615366615355015
NCMNCACY25-05_1,ex5,0.203213794156909
NCMNCACY25-05_1,ex6,0.27034073136746883
NCMNCACY25-05_1,ex6,0.365236378274858
NCMNCACY25-05_1,ex6,0.2576548606157303
NCMNCACY25-05_1,ex6,0.24598005693405867
NCMNCACY25-05_1,ex6,0.2435346134006977
NCMNCACY25-05_1,ex6,0.26381551288068295
NCMNCACY25-05_1,ex6,0.23388098925352097
NCMNCACY25-05_1,ex6,0.2663691993802786
NCMNCACY25-05_1,ex6,0.23603173904120922
NCMNCACY25-05_1,ex6,0.3693511011078954
NCMNCACY25-05_1,ex7,0.23575990926474333
NCMNCACY25-05_1,ex7,0.32178934197872877
NCMNCACY25-05_1,ex7,0.2807796699926257
NCMNCACY25-05_1,ex7,0.4804563708603382
NCMNCACY25-05_1,ex7,0.4646328743547201
NCMNCACY25-05_1,ex7,0.26067979633808136
NCMNCACY25-05_1,ex7,0.24246571119874716
NCMNCACY25-05_1,ex7,0.26369737461209297
NCMNCACY25-05_1,ex7,0.27614778373390436
NCMNCACY25-05_1,ex7,0.2572887111455202
NCMNCACY25-05_2,ex3,0.48790951259434223
NCMNCACY25-05_2,ex3,0.808798149228096
NCMNCACY25-05_2,ex3,0.4960558842867613
NCMNCACY25-05_2,ex3,0.41539184749126434
NCMNCACY25-05_2,ex3,0.5709821823984385
NCMNCACY25-05_2,ex4,0.4190895240753889
NCMNCACY25-05_2,ex4,0.4001549445092678
NCMNCACY25-05_2,ex4,0.51246527582407
NCMNCACY25-05_2,ex4,1.3522105291485786
NCMNCACY25-05_2,ex4,0.4556824453175068
NCMNCACY25-05_2,ex4,0.6324869580566883
NCMNCACY25-05_2,ex4,0.389428180642426
NCMNCACY25-05_2,ex4,0.7377141155302525
NCMNCACY25-05_2,ex4,0.3873808542266488
NCMNCACY25-05_2,ex4,0.7551376242190599
NCMNCACY25-05_2,ex5,0.5574612878262997
NCMNCACY25-05_2,ex5,0.5483503453433514
NCMNCACY25-05_2,ex5,0.6431588437408209
NCMNCACY25-05_2,ex5,0.6492624059319496
NCMNCACY25-05_2,ex5,0.5535729695111513
NCMNCACY25-05_2,ex5,0.4690441768616438
NCMNCACY25-05_2,ex5,0.4072731826454401
NCMNCACY25-05_2,ex5,0.44242944568395615
NCMNCACY25-05_2,ex5,0.5000366363674402
NCMNCACY25-05_2,ex5,0.606909953057766
NCMNCACY25-05_2,ex6,0.7951231673359871
NCMNCACY25-05_2,ex6,0.6794003304094076
NCMNCACY25-05_2,ex6,0.39127557538449764
NCMNCACY25-05_2,ex6,0.4411371424794197
NCMNCACY25-05_2,ex6,0.6562416907399893
NCMNCACY25-05_2,ex6,0.474783917888999
NCMNCACY25-05_2,ex6,0.9865733794867992
NCMNCACY25-05_2,ex6,0.5779074504971504
NCMNCACY25-05_2,ex6,0.5132180638611317
NCMNCACY25-05_2,ex6,0.45340671204030514
NCMNCACY25-05_2,ex7,0.5081611219793558
NCMNCACY25-05_2,ex7,0.7123261224478483
NCMNCACY25-05_2,ex7,0.5358931142836809
NCMNCACY25-05_2,ex7,0.42608054354786873
NCMNCACY25-05_2,ex7,0.5204283632338047
NCMNCACY25-05_2,ex7,0.6593086291104555
NCMNCACY25-05_2,ex7,0.5109395366162062
NCMNCACY25-05_2,ex7,0.9428858757019043
NCMNCACY25-05_2,ex7,0.6170725449919701
NCMNCACY25-05_2,ex7,0.46706278808414936
NCMNCACY25-05_4,ex3,0.5022984929382801
NCMNCACY25-05_4,ex3,0.30261557549238205
NCMNCACY25-05_4,ex3,0.2583820139989257
NCMNCACY25-05_4,ex3,0.32656181138008833
NCMNCACY25-05_4,ex3,0.3026263788342476
NCMNCACY25-05_4,ex4,0.2422652905806899
NCMNCACY25-05_4,ex4,0.28471287805587053
NCMNCACY25-05_4,ex4,0.37036887370049953
NCMNCACY25-05_4,ex4,0.32411590218544006
NCMNCACY25-05_4,ex4,0.30266204848885536
NCMNCACY25-05_4,ex4,0.245940824970603
NCMNCACY25-05_4,ex4,0.25329142808914185
NCMNCACY25-05_4,ex4,0.3384575014933944
NCMNCACY25-05_4,ex4,0.2408923814073205
NCMNCACY25-05_4,ex4,0.3380159614607692
NCMNCACY25-05_4,ex5,0.2696065930649638
NCMNCACY25-05_4,ex5,0.34956031013280153
NCMNCACY25-05_4,ex5,0.24868997279554605
NCMNCACY25-05_4,ex5,0.39837448857724667
NCMNCACY25-05_4,ex5,0.304335611872375
NCMNCACY25-05_4,ex5,0.346003076992929
NCMNCACY25-05_4,ex5,0.2674985211342573
NCMNCACY25-05_4,ex5,0.5563294515013695
NCMNCACY25-05_4,ex5,0.38462707307189703
NCMNCACY25-05_4,ex5,0.24544771295040846
NCMNCACY25-05_4,ex6,0.2693904098123312
NCMNCACY25-05_4,ex6,0.4248487763106823
NCMNCACY25-05_4,ex6,0.27383172418922186
NCMNCACY25-05_4,ex6,0.5537640769034624
NCMNCACY25-05_4,ex6,0.295649073086679
NCMNCACY25-05_4,ex6,0.28856024146080017
NCMNCACY25-05_4,ex6,0.2693235641345382
NCMNCACY25-05_4,ex6,0.2460940508171916
NCMNCACY25-05_4,ex6,0.2528703771531582
NCMNCACY25-05_4,ex6,0.2903709653764963
NCMNCACY25-05_4,ex7,0.5162771325558424
NCMNCACY25-05_4,ex7,0.4795127082616091
NCMNCACY25-05_4,ex7,0.3508353140205145
NCMNCACY25-05_4,ex7,0.4409675020724535
NCMNCACY25-05_4,ex7,0.25159246288239956
NCMNCACY25-05_4,ex7,0.3454390913248062
NCMNCACY25-05_4,ex7,0.3199939616024494
NCMNCACY25-05_4,ex7,0.3057906636968255
NCMNCACY25-05_4,ex7,0.4995065275579691
NCMNCACY25-05_4,ex7,0.2537217689678073
Random,ex3,3.183586522936821
Random,ex3,3.169270232319832
Random,ex3,3.1598739326000214
Random,ex3,2.9207611456513405
Random,ex3,3.0846964567899704
Random,ex3,3.4018665552139282
Random,ex3,3.2058577984571457
Random,ex3,3.088895231485367
Random,ex3,2.9938584193587303
Random,ex3,2.9108699411153793
Random,ex4,3.130287677049637
Random,ex4,3.1051497906446457
Random,ex4,3.1632188707590103
Random,ex4,3.099226951599121
Random,ex4,3.037984110414982
Random,ex4,2.9330333694815636
Random,ex4,2.800273895263672
Random,ex4,2.8770001605153084
Random,ex4,3.117627091705799
Random,ex4,3.061487153172493
Random,ex5,2.6451732963323593
Random,ex5,2.9713740572333336
Random,ex5,2.8781024739146233
Random,ex5,2.7506163343787193
Random,ex5,3.0350832268595695
Random,ex5,2.964852936565876
Random,ex5,2.5786906480789185
Random,ex5,2.8579382225871086
Random,ex5,2.6614824309945107
Random,ex5,2.7204975485801697
Random,ex6,3.0178530141711235
Random,ex6,3.3730395138263702
Random,ex6,3.3817000687122345
Random,ex6,3.2905086874961853
Random,ex6,3.3630866557359695
Random,ex6,3.0815364792943
Random,ex6,3.271755948662758
Random,ex6,3.2697193324565887
Random,ex6,2.8969230130314827
Random,ex6,3.2668516039848328
Random,ex7,2.8993062674999237
Random,ex7,3.0975719913840294
Random,ex7,2.965082600712776
Random,ex7,3.0555635690689087
Random,ex7,3.04538831114769
Random,ex7,3.0291683971881866
Random,ex7,3.075125813484192
Random,ex7,3.0012184754014015
Random,ex7,3.058776631951332
Random,ex7,2.9733525589108467
Fixed,ex3,2.6313789188861847
Fixed,ex3,3.3485732972621918
Fixed,ex3,3.026169538497925
Fixed,ex3,2.3937977850437164
Fixed,ex3,3.014303743839264
Fixed,ex3,3.3462312072515488
Fixed,ex3,3.506346046924591
Fixed,ex3,2.9067566618323326
Fixed,ex3,4.868180304765701
Fixed,ex3,3.367215394973755
Fixed,ex4,3.629157692193985
Fixed,ex4,2.8087664395570755
Fixed,ex4,3.582942485809326
Fixed,ex4,2.8956301510334015
Fixed,ex4,3.047577105462551
Fixed,ex4,2.818446047604084
Fixed,ex4,2.9330166056752205
Fixed,ex4,2.9701707884669304
Fixed,ex4,3.327394276857376
Fixed,ex4,3.3735189586877823
Fixed,ex5,3.495541960000992
Fixed,ex5,3.419727459549904
Fixed,ex5,3.5670045763254166
Fixed,ex5,2.7328835800290108
Fixed,ex5,2.725808136165142
Fixed,ex5,2.4624481797218323
Fixed,ex5,3.015492670238018
Fixed,ex5,2.5461887940764427
Fixed,ex5,2.3129571229219437
Fixed,ex5,3.297296166419983
Fixed,ex6,3.0729802325367928
Fixed,ex6,3.5595618188381195
Fixed,ex6,3.192007541656494
Fixed,ex6,3.2135289162397385
Fixed,ex6,3.2376639544963837
Fixed,ex6,3.291834145784378
Fixed,ex6,4.588278383016586
Fixed,ex6,2.963389828801155
Fixed,ex6,2.8304969891905785
Fixed,ex6,3.105706535279751
Fixed,ex7,2.7761654928326607
Fixed,ex7,3.0763521790504456
Fixed,ex7,3.3190686255693436
Fixed,ex7,2.9999056831002235
Fixed,ex7,3.0949510633945465
Fixed,ex7,3.530319035053253
Fixed,ex7,2.8229113668203354
Fixed,ex7,2.758473716676235
Fixed,ex7,3.2207105308771133
Fixed,ex7,3.2009299844503403
